{"loss": [0.6659842729568481, 0.5861778855323792, 0.5400738716125488, 0.5103952884674072, 0.4899134039878845, 0.47144681215286255, 0.4563582241535187, 0.4535219967365265], "accuracy": [0.613194465637207, 0.7770833373069763, 0.7906249761581421, 0.8013888597488403, 0.8031250238418579, 0.808680534362793, 0.8118055462837219, 0.8118055462837219], "val_loss": [0.6515581607818604, 0.6035875082015991, 0.5735378265380859, 0.5576812624931335, 0.5372254252433777, 0.5267379879951477, 0.5147687792778015, 0.5079308748245239], "val_accuracy": [0.7437499761581421, 0.778124988079071, 0.7906249761581421, 0.7749999761581421, 0.7875000238418579, 0.78125, 0.7875000238418579, 0.784375011920929]}